OrderID,ProductID,UnitPrice,Quantity,Discount,DetailID
10248,11,14.00,12,0,217
10248,42,9.80,10,0,1109
10248,72,34.80,5,0,1968
10249,14,18.60,9,0,309
10249,51,42.40,40,0,1290
10250,41,7.70,10,0,1062
10250,51,42.40,35,0.15,1291
10250,65,16.80,15,0.15,1772
10251,22,16.80,6,0.05,536
10251,57,15.60,15,0.05,1507
10251,65,16.80,20,0,1773
10252,20,64.80,40,0.05,481
10252,33,2.00,25,0.05,843
10252,60,27.20,40,0,1602
10253,31,10.00,20,0,777
10253,39,14.40,42,0,991
10253,49,16.00,40,0,1259
10254,24,3.60,15,0.15,570
10254,55,19.20,21,0.15,1424
10254,74,8.00,21,0,2020
10255,2,15.20,20,0,39
10255,16,13.90,35,0,337
10255,36,15.20,25,0,930
10255,59,44.00,30,0,1548
10256,53,26.20,15,0,1358
10256,77,10.40,12,0,2118
10257,27,35.10,25,0,671
10257,39,14.40,6,0,992
10257,77,10.40,15,0,2119
10258,2,15.20,50,0.2,40
10258,5,17.00,65,0.2,115
10258,32,25.60,6,0.2,828
10259,21,8.00,10,0,497
10259,37,20.80,1,0,961
10260,41,7.70,16,0.25,1063
10260,57,15.60,50,0,1508
10260,62,39.40,15,0.25,1677
10260,70,12.00,21,0.25,1887
10261,21,8.00,20,0,498
10261,35,14.40,20,0,894
10262,5,17.00,12,0.2,116
10262,7,24.00,15,0,137
10262,56,30.40,2,0,1457
10263,16,13.90,60,0.25,338
10263,24,3.60,28,0,571
10263,30,20.70,60,0.25,745
10263,74,8.00,36,0.25,2021
10264,2,15.20,35,0,41
10264,41,7.70,25,0.15,1064
10265,17,31.20,30,0,380
10265,70,12.00,20,0,1888
10266,12,30.40,12,0.05,255
10267,40,14.70,50,0,1021
10267,59,44.00,70,0.15,1549
10267,76,14.40,15,0.15,2079
10268,29,99.00,10,0,713
10268,72,27.80,4,0,1969
10269,33,2.00,60,0.05,844
10269,72,27.80,20,0.05,1970
10270,36,15.20,30,0,931
10270,43,36.80,25,0,1139
10271,33,2.00,24,0,845
10272,20,64.80,6,0,482
10272,31,10.00,40,0,778
10272,72,27.80,24,0,1971
10273,10,24.80,24,0.05,184
10273,31,10.00,15,0.05,779
10273,33,2.00,20,0,846
10273,40,14.70,60,0.05,1022
10273,76,14.40,33,0.05,2080
10274,71,17.20,20,0,1926
10274,72,27.80,7,0,1972
10275,24,3.60,12,0.05,572
10275,59,44.00,6,0.05,1550
10276,10,24.80,15,0,185
10276,13,4.80,10,0,269
10277,28,36.40,20,0,680
10277,62,39.40,12,0,1678
10278,44,15.50,16,0,1167
10278,59,44.00,15,0,1551
10278,63,35.10,8,0,1725
10278,73,12.00,25,0,2006
10279,17,31.20,15,0.25,381
10280,24,3.60,12,0,573
10280,55,19.20,20,0,1425
10280,75,6.20,30,0,2033
10281,19,7.30,1,0,444
10281,24,3.60,6,0,574
10281,35,14.40,4,0,895
10282,30,20.70,6,0,746
10282,57,15.60,2,0,1509
10283,15,12.40,20,0,331
10283,19,7.30,18,0,445
10283,60,27.20,35,0,1603
10283,72,27.80,3,0,1973
10284,27,35.10,15,0.25,672
10284,44,15.50,21,0,1168
10284,60,27.20,20,0.25,1604
10284,67,11.20,5,0.25,1812
10285,1,14.40,45,0.2,1
10285,40,14.70,40,0.2,1023
10285,53,26.20,36,0.2,1359
10286,35,14.40,100,0,896
10286,62,39.40,40,0,1679
10287,16,13.90,40,0.15,339
10287,34,11.20,20,0,875
10287,46,9.60,15,0.15,1205
10288,54,5.90,10,0.1,1388
10288,68,10.00,3,0.1,1822
10289,3,8.00,30,0,83
10289,64,26.60,9,0,1742
10290,5,17.00,20,0,117
10290,29,99.00,15,0,714
10290,49,16.00,15,0,1260
10290,77,10.40,10,0,2120
10291,13,4.80,20,0.1,270
10291,44,15.50,24,0.1,1169
10291,51,42.40,2,0.1,1292
10292,20,64.80,20,0,483
10293,18,50.00,12,0,417
10293,24,3.60,10,0,575
10293,63,35.10,5,0,1726
10293,75,6.20,6,0,2034
10294,1,14.40,18,0,2
10294,17,31.20,15,0,382
10294,43,36.80,15,0,1140
10294,60,27.20,21,0,1605
10294,75,6.20,6,0,2035
10295,56,30.40,4,0,1458
10296,11,16.80,12,0,218
10296,16,13.90,30,0,340
10296,69,28.80,15,0,1856
10297,39,14.40,60,0,993
10297,72,27.80,20,0,1974
10298,2,15.20,40,0,42
10298,36,15.20,40,0.25,932
10298,59,44.00,30,0.25,1552
10298,62,39.40,15,0,1680
10299,19,7.30,15,0,446
10299,70,12.00,20,0,1889
10300,66,13.60,30,0,1804
10300,68,10.00,20,0,1823
10301,40,14.70,10,0,1024
10301,56,30.40,20,0,1459
10302,17,31.20,40,0,383
10302,28,36.40,28,0,681
10302,43,36.80,12,0,1141
10303,40,14.70,40,0.1,1025
10303,65,16.80,30,0.1,1774
10303,68,10.00,15,0.1,1824
10304,49,16.00,30,0,1261
10304,59,44.00,10,0,1553
10304,71,17.20,2,0,1927
10305,18,50.00,25,0.1,418
10305,29,99.00,25,0.1,715
10305,39,14.40,30,0.1,994
10306,30,20.70,10,0,747
10306,53,26.20,10,0,1360
10306,54,5.90,5,0,1389
10307,62,39.40,10,0,1681
10307,68,10.00,3,0,1825
10308,69,28.80,1,0,1857
10308,70,12.00,5,0,1890
10309,4,17.60,20,0,95
10309,6,20.00,30,0,125
10309,42,11.20,2,0,1110
10309,43,36.80,20,0,1142
10309,71,17.20,3,0,1928
10310,16,13.90,10,0,341
10310,62,39.40,5,0,1682
10311,42,11.20,6,0,1111
10311,69,28.80,7,0,1858
10312,28,36.40,4,0,682
10312,43,36.80,24,0,1143
10312,53,26.20,20,0,1361
10312,75,6.20,10,0,2036
10313,36,15.20,12,0,933
10314,32,25.60,40,0.1,829
10314,58,10.60,30,0.1,1530
10314,62,39.40,25,0.1,1683
10315,34,11.20,14,0,876
10315,70,12.00,30,0,1891
10316,41,7.70,10,0,1065
10316,62,39.40,70,0,1684
10317,1,14.40,20,0,3
10318,41,7.70,20,0,1066
10318,76,14.40,6,0,2081
10319,17,31.20,8,0,384
10319,28,36.40,14,0,683
10319,76,14.40,30,0,2082
10320,71,17.20,30,0,1929
10321,35,14.40,10,0,897
10322,52,5.60,20,0,1329
10323,15,12.40,5,0,332
10323,25,11.20,4,0,621
10323,39,14.40,4,0,995
10324,16,13.90,21,0.15,342
10324,35,14.40,70,0.15,898
10324,46,9.60,30,0,1206
10324,59,44.00,40,0.15,1554
10324,63,35.10,80,0.15,1727
10325,6,20.00,6,0,126
10325,13,4.80,12,0,271
10325,14,18.60,9,0,310
10325,31,10.00,4,0,780
10325,72,27.80,40,0,1975
10326,4,17.60,24,0,96
10326,57,15.60,16,0,1510
10326,75,6.20,50,0,2037
10327,2,15.20,25,0.2,43
10327,11,16.80,50,0.2,219
10327,30,20.70,35,0.2,748
10327,58,10.60,30,0.2,1531
10328,59,44.00,9,0,1555
10328,65,16.80,40,0,1775
10328,68,10.00,10,0,1826
10329,19,7.30,10,0.05,447
10329,30,20.70,8,0.05,749
10329,38,210.80,20,0.05,967
10329,56,30.40,12,0.05,1460
10330,26,24.90,50,0.15,639
10330,72,27.80,25,0.15,1976
10331,54,5.90,15,0,1390
10332,18,50.00,40,0.2,419
10332,42,11.20,10,0.2,1112
10332,47,7.60,16,0.2,1232
10333,14,18.60,10,0,311
10333,21,8.00,10,0.1,499
10333,71,17.20,40,0.1,1930
10334,52,5.60,8,0,1330
10334,68,10.00,10,0,1827
10335,2,15.20,7,0.2,44
10335,31,10.00,25,0.2,781
10335,32,25.60,6,0.2,830
10335,51,42.40,48,0.2,1293
10336,4,17.60,18,0.1,97
10337,23,7.20,40,0,550
10337,26,24.90,24,0,640
10337,36,15.20,20,0,934
10337,37,20.80,28,0,962
10337,72,27.80,25,0,1977
10338,17,31.20,20,0,385
10338,30,20.70,15,0,750
10339,4,17.60,10,0,98
10339,17,31.20,70,0.05,386
10339,62,39.40,28,0,1685
10340,18,50.00,20,0.05,420
10340,41,7.70,12,0.05,1067
10340,43,36.80,40,0.05,1144
10341,33,2.00,8,0,847
10341,59,44.00,9,0.15,1556
10342,2,15.20,24,0.2,45
10342,31,10.00,56,0.2,782
10342,36,15.20,40,0.2,935
10342,55,19.20,40,0.2,1426
10343,64,26.60,50,0,1743
10343,68,10.00,4,0.05,1828
10343,76,14.40,15,0,2083
10344,4,17.60,35,0,99
10344,8,32.00,70,0.25,166
10345,8,32.00,70,0,167
10345,19,7.30,80,0,448
10345,42,11.20,9,0,1113
10346,17,31.20,36,0.1,387
10346,56,30.40,20,0,1461
10347,25,11.20,10,0,622
10347,39,14.40,50,0.15,996
10347,40,14.70,4,0,1026
10347,75,6.20,6,0.15,2038
10348,1,14.40,15,0.15,4
10348,23,7.20,25,0,551
10349,54,5.90,24,0,1391
10350,50,13.00,15,0.1,1280
10350,69,28.80,18,0.1,1859
10351,38,210.80,20,0.05,968
10351,41,7.70,13,0,1068
10351,44,15.50,77,0.05,1170
10351,65,16.80,10,0.05,1776
10352,24,3.60,10,0,576
10352,54,5.90,20,0.15,1392
10353,11,16.80,12,0.2,220
10353,38,210.80,50,0.2,969
10354,1,14.40,12,0,5
10354,29,99.00,4,0,716
10355,24,3.60,25,0,577
10355,57,15.60,25,0,1511
10356,31,10.00,30,0,783
10356,55,19.20,12,0,1427
10356,69,28.80,20,0,1860
10357,10,24.80,30,0.2,186
10357,26,24.90,16,0,641
10357,60,27.20,8,0.2,1606
10358,24,3.60,10,0.05,578
10358,34,11.20,10,0.05,877
10358,36,15.20,20,0.05,936
10359,16,13.90,56,0.05,343
10359,31,10.00,70,0.05,784
10359,60,27.20,80,0.05,1607
10360,28,36.40,30,0,684
10360,29,99.00,35,0,717
10360,38,210.80,10,0,970
10360,49,16.00,35,0,1262
10360,54,5.90,28,0,1393
10361,39,14.40,54,0.1,997
10361,60,27.20,55,0.1,1608
10362,25,11.20,50,0,623
10362,51,42.40,20,0,1294
10362,54,5.90,24,0,1394
10363,31,10.00,20,0,785
10363,75,6.20,12,0,2039
10363,76,14.40,12,0,2084
10364,69,28.80,30,0,1861
10364,71,17.20,5,0,1931
10365,11,16.80,24,0,221
10366,65,16.80,5,0,1777
10366,77,10.40,5,0,2121
10367,34,11.20,36,0,878
10367,54,5.90,18,0,1395
10367,65,16.80,15,0,1778
10367,77,10.40,7,0,2122
10368,21,8.00,5,0.1,500
10368,28,36.40,13,0.1,685
10368,57,15.60,25,0,1512
10368,64,26.60,35,0.1,1744
10369,29,99.00,20,0,718
10369,56,30.40,18,0.25,1462
10370,1,14.40,15,0.15,6
10370,64,26.60,30,0,1745
10370,74,8.00,20,0.15,2022
10371,36,15.20,6,0.2,937
10372,20,64.80,12,0.25,484
10372,38,210.80,40,0.25,971
10372,60,27.20,70,0.25,1609
10372,72,27.80,42,0.25,1978
10373,58,10.60,80,0.2,1532
10373,71,17.20,50,0.2,1932
10374,31,10.00,30,0,786
10374,58,10.60,15,0,1533
10375,14,18.60,15,0,312
10375,54,5.90,10,0,1396
10376,31,10.00,42,0.05,787
10377,28,36.40,20,0.15,686
10377,39,14.40,20,0.15,998
10378,71,17.20,6,0,1933
10379,41,7.70,8,0.1,1069
10379,63,35.10,16,0.1,1728
10379,65,16.80,20,0.1,1779
10380,30,20.70,18,0.1,751
10380,53,26.20,20,0.1,1362
10380,60,27.20,6,0.1,1610
10380,70,12.00,30,0,1892
10381,74,8.00,14,0,2023
10382,5,17.00,32,0,118
10382,18,50.00,9,0,421
10382,29,99.00,14,0,719
10382,33,2.00,60,0,848
10382,74,8.00,50,0,2024
10383,13,4.80,20,0,272
10383,50,13.00,15,0,1281
10383,56,30.40,20,0,1463
10384,20,64.80,28,0,485
10384,60,27.20,15,0,1611
10385,7,24.00,10,0.2,138
10385,60,27.20,20,0.2,1612
10385,68,10.00,8,0.2,1829
10386,24,3.60,15,0,579
10386,34,11.20,10,0,879
10387,24,3.60,15,0,580
10387,28,36.40,6,0,687
10387,59,44.00,12,0,1557
10387,71,17.20,15,0,1934
10388,45,7.60,15,0.2,1191
10388,52,5.60,20,0.2,1331
10388,53,26.20,40,0,1363
10389,10,24.80,16,0,187
10389,55,19.20,15,0,1428
10389,62,39.40,20,0,1686
10389,70,12.00,30,0,1893
10390,31,10.00,60,0.1,788
10390,35,14.40,40,0.1,899
10390,46,9.60,45,0,1207
10390,72,27.80,24,0.1,1979
10391,13,4.80,18,0,273
10392,69,28.80,50,0,1862
10393,2,15.20,25,0.25,46
10393,14,18.60,42,0.25,313
10393,25,11.20,7,0.25,624
10393,26,24.90,70,0.25,642
10393,31,10.00,32,0,789
10394,13,4.80,10,0,274
10394,62,39.40,10,0,1687
10395,46,9.60,28,0.1,1208
10395,53,26.20,70,0.1,1364
10395,69,28.80,8,0,1863
10396,23,7.20,40,0,552
10396,71,17.20,60,0,1935
10396,72,27.80,21,0,1980
10397,21,8.00,10,0.15,501
10397,51,42.40,18,0.15,1295
10398,35,14.40,30,0,900
10398,55,19.20,120,0.1,1429
10399,68,10.00,60,0,1830
10399,71,17.20,30,0,1936
10399,76,14.40,35,0,2085
10399,77,10.40,14,0,2123
10400,29,99.00,21,0,720
10400,35,14.40,35,0,901
10400,49,16.00,30,0,1263
10401,30,20.70,18,0,752
10401,56,30.40,70,0,1464
10401,65,16.80,20,0,1780
10401,71,17.20,60,0,1937
10402,23,7.20,60,0,553
10402,63,35.10,65,0,1729
10403,16,13.90,21,0.15,344
10403,48,10.20,70,0.15,1253
10404,26,24.90,30,0.05,643
10404,42,11.20,40,0.05,1114
10404,49,16.00,30,0.05,1264
10405,3,8.00,50,0,84
10406,1,14.40,10,0,7
10406,21,8.00,30,0.1,502
10406,28,36.40,42,0.1,688
10406,36,15.20,5,0.1,938
10406,40,14.70,2,0.1,1027
10407,11,16.80,30,0,222
10407,69,28.80,15,0,1864
10407,71,17.20,15,0,1938
10408,37,20.80,10,0,963
10408,54,5.90,6,0,1397
10408,62,39.40,35,0,1688
10409,14,18.60,12,0,314
10409,21,8.00,12,0,503
10410,33,2.00,49,0,849
10410,59,44.00,16,0,1558
10411,41,7.70,25,0.2,1070
10411,44,15.50,40,0.2,1171
10411,59,44.00,9,0.2,1559
10412,14,18.60,20,0.1,315
10413,1,14.40,24,0,8
10413,62,39.40,40,0,1689
10413,76,14.40,14,0,2086
10414,19,7.30,18,0.05,449
10414,33,2.00,50,0,850
10415,17,31.20,2,0,388
10415,33,2.00,20,0,851
10416,19,7.30,20,0,450
10416,53,26.20,10,0,1365
10416,57,15.60,20,0,1513
10417,38,210.80,50,0,972
10417,46,9.60,2,0.25,1209
10417,68,10.00,36,0.25,1831
10417,77,10.40,35,0,2124
10418,2,15.20,60,0,47
10418,47,7.60,55,0,1233
10418,61,22.80,16,0,1653
10418,74,8.00,15,0,2025
10419,60,27.20,60,0.05,1613
10419,69,28.80,20,0.05,1865
10420,9,77.60,20,0.1,179
10420,13,4.80,2,0.1,275
10420,70,12.00,8,0.1,1894
10420,73,12.00,20,0.1,2007
10421,19,7.30,4,0.15,451
10421,26,24.90,30,0,644
10421,53,26.20,15,0.15,1366
10421,77,10.40,10,0.15,2125
10422,26,24.90,2,0,645
10423,31,10.00,14,0,790
10423,59,44.00,20,0,1560
10424,35,14.40,60,0.2,902
10424,38,210.80,49,0.2,973
10424,68,10.00,30,0.2,1832
10425,55,19.20,10,0.25,1430
10425,76,14.40,20,0.25,2087
10426,56,30.40,5,0,1465
10426,64,26.60,7,0,1746
10427,14,18.60,35,0,316
10428,46,9.60,20,0,1210
10429,50,13.00,40,0,1282
10429,63,35.10,35,0.25,1730
10430,17,31.20,45,0.2,389
10430,21,8.00,50,0,504
10430,56,30.40,30,0,1466
10430,59,44.00,70,0.2,1561
10431,17,31.20,50,0.25,390
10431,40,14.70,50,0.25,1028
10431,47,7.60,30,0.25,1234
10432,26,24.90,10,0,646
10432,54,5.90,40,0,1398
10433,56,30.40,28,0,1467
10434,11,16.80,6,0,223
10434,76,14.40,18,0.15,2088
10435,2,15.20,10,0,48
10435,22,16.80,12,0,537
10435,72,27.80,10,0,1981
10436,46,9.60,5,0,1211
10436,56,30.40,40,0.1,1468
10436,64,26.60,30,0.1,1747
10436,75,6.20,24,0.1,2040
10437,53,26.20,15,0,1367
10438,19,7.30,15,0.2,452
10438,34,11.20,20,0.2,880
10438,57,15.60,15,0.2,1514
10439,12,30.40,15,0,256
10439,16,13.90,16,0,345
10439,64,26.60,6,0,1748
10439,74,8.00,30,0,2026
10440,2,15.20,45,0.15,49
10440,16,13.90,49,0.15,346
10440,29,99.00,24,0.15,721
10440,61,22.80,90,0.15,1654
10441,27,35.10,50,0,673
10442,11,16.80,30,0,224
10442,54,5.90,80,0,1399
10442,66,13.60,60,0,1805
10443,11,16.80,6,0.2,225
10443,28,36.40,12,0,689
10444,17,31.20,10,0,391
10444,26,24.90,15,0,647
10444,35,14.40,8,0,903
10444,41,7.70,30,0,1071
10445,39,14.40,6,0,999
10445,54,5.90,15,0,1400
10446,19,7.30,12,0.1,453
10446,24,3.60,20,0.1,581
10446,31,10.00,3,0.1,791
10446,52,5.60,15,0.1,1332
10447,19,7.30,40,0,454
10447,65,16.80,35,0,1781
10447,71,17.20,2,0,1939
10448,26,24.90,6,0,648
10448,40,14.70,20,0,1029
10449,10,24.80,14,0,188
10449,52,5.60,20,0,1333
10449,62,39.40,35,0,1690
10450,10,24.80,20,0.2,189
10450,54,5.90,6,0.2,1401
10451,55,19.20,120,0.1,1431
10451,64,26.60,35,0.1,1749
10451,65,16.80,28,0.1,1782
10451,77,10.40,55,0.1,2126
10452,28,36.40,15,0,690
10452,44,15.50,100,0.05,1172
10453,48,10.20,15,0.1,1254
10453,70,12.00,25,0.1,1895
10454,16,13.90,20,0.2,347
10454,33,2.00,20,0.2,852
10454,46,9.60,10,0.2,1212
10455,39,14.40,20,0,1000
10455,53,26.20,50,0,1368
10455,61,22.80,25,0,1655
10455,71,17.20,30,0,1940
10456,21,8.00,40,0.15,505
10456,49,16.00,21,0.15,1265
10457,59,44.00,36,0,1562
10458,26,24.90,30,0,649
10458,28,36.40,30,0,691
10458,43,36.80,20,0,1145
10458,56,30.40,15,0,1469
10458,71,17.20,50,0,1941
10459,7,24.00,16,0.05,139
10459,46,9.60,20,0.05,1213
10459,72,27.80,40,0,1982
10460,68,10.00,21,0.25,1833
10460,75,6.20,4,0.25,2041
10461,21,8.00,40,0.25,506
10461,30,20.70,28,0.25,753
10461,55,19.20,60,0.25,1432
10462,13,4.80,1,0,276
10462,23,7.20,21,0,554
10463,19,7.30,21,0,455
10463,42,11.20,50,0,1115
10464,4,17.60,16,0.2,100
10464,43,36.80,3,0,1146
10464,56,30.40,30,0.2,1470
10464,60,27.20,20,0,1614
10465,24,3.60,25,0,582
10465,29,99.00,18,0.1,722
10465,40,14.70,20,0,1030
10465,45,7.60,30,0.1,1192
10465,50,13.00,25,0,1283
10466,11,16.80,10,0,226
10466,46,9.60,5,0,1214
10467,24,3.60,28,0,583
10467,25,11.20,12,0,625
10468,30,20.70,8,0,754
10468,43,36.80,15,0,1147
10469,2,15.20,40,0.15,50
10469,16,13.90,35,0.15,348
10469,44,15.50,2,0.15,1173
10470,18,50.00,30,0,422
10470,23,7.20,15,0,555
10470,64,26.60,8,0,1750
10471,7,24.00,30,0,140
10471,56,30.40,20,0,1471
10472,24,3.60,80,0.05,584
10472,51,42.40,18,0,1296
10473,33,2.00,12,0,853
10473,71,17.20,12,0,1942
10474,14,18.60,12,0,317
10474,28,36.40,18,0,692
10474,40,14.70,21,0,1031
10474,75,6.20,10,0,2042
10475,31,10.00,35,0.15,792
10475,66,13.60,60,0.15,1806
10475,76,14.40,42,0.15,2089
10476,55,19.20,2,0.05,1433
10476,70,12.00,12,0,1896
10477,1,14.40,15,0,9
10477,21,8.00,21,0.25,507
10477,39,14.40,20,0.25,1001
10478,10,24.80,20,0.05,190
10479,38,210.80,30,0,974
10479,53,26.20,28,0,1369
10479,59,44.00,60,0,1563
10479,64,26.60,30,0,1751
10480,47,7.60,30,0,1235
10480,59,44.00,12,0,1564
10481,49,16.00,24,0,1266
10481,60,27.20,40,0,1615
10482,40,14.70,10,0,1032
10483,34,11.20,35,0.05,881
10483,77,10.40,30,0.05,2127
10484,21,8.00,14,0,508
10484,40,14.70,10,0,1033
10484,51,42.40,3,0,1297
10485,2,15.20,20,0.1,51
10485,3,8.00,20,0.1,85
10485,55,19.20,30,0.1,1434
10485,70,12.00,60,0.1,1897
10486,11,16.80,5,0,227
10486,51,42.40,25,0,1298
10486,74,8.00,16,0,2027
10487,19,7.30,5,0,456
10487,26,24.90,30,0,650
10487,54,5.90,24,0.25,1402
10488,59,44.00,30,0,1565
10488,73,12.00,20,0.2,2008
10489,11,16.80,15,0.25,228
10489,16,13.90,18,0,349
10490,59,44.00,60,0,1566
10490,68,10.00,30,0,1834
10490,75,6.20,36,0,2043
10491,44,15.50,15,0.15,1174
10491,77,10.40,7,0.15,2128
10492,25,11.20,60,0.05,626
10492,42,11.20,20,0.05,1116
10493,65,16.80,15,0.1,1783
10493,66,13.60,10,0.1,1807
10493,69,28.80,10,0.1,1866
10494,56,30.40,30,0,1472
10495,23,7.20,10,0,556
10495,41,7.70,20,0,1072
10495,77,10.40,5,0,2129
10496,31,10.00,20,0.05,793
10497,56,30.40,14,0,1473
10497,72,27.80,25,0,1983
10497,77,10.40,25,0,2130
10498,24,4.50,14,0,585
10498,40,18.40,5,0,1034
10498,42,14.00,30,0,1117
10499,28,45.60,20,0,693
10499,49,20.00,25,0,1267
10500,15,15.50,12,0.05,333
10500,28,45.60,8,0.05,694
10501,54,7.45,20,0,1403
10502,45,9.50,21,0,1193
10502,53,32.80,6,0,1370
10502,67,14.00,30,0,1813
10503,14,23.25,70,0,318
10503,65,21.05,20,0,1784
10504,2,19.00,12,0,52
10504,21,10.00,12,0,509
10504,53,32.80,10,0,1371
10504,61,28.50,25,0,1656
10505,62,49.30,3,0,1691
10506,25,14.00,18,0.1,627
10506,70,15.00,14,0.1,1898
10507,43,46.00,15,0.15,1148
10507,48,12.75,15,0.15,1255
10508,13,6.00,10,0,277
10508,39,18.00,10,0,1002
10509,28,45.60,3,0,695
10510,29,123.79,36,0,723
10510,75,7.75,36,0.1,2044
10511,4,22.00,50,0.15,101
10511,7,30.00,50,0.15,141
10511,8,40.00,10,0.15,168
10512,24,4.50,10,0.15,586
10512,46,12.00,9,0.15,1215
10512,47,9.50,6,0.15,1236
10512,60,34.00,12,0.15,1616
10513,21,10.00,40,0.2,510
10513,32,32.00,50,0.2,831
10513,61,28.50,15,0.2,1657
10514,20,81.00,39,0,486
10514,28,45.60,35,0,696
10514,56,38.00,70,0,1474
10514,65,21.05,39,0,1785
10514,75,7.75,50,0,2045
10515,9,97.00,16,0.15,180
10515,16,17.45,50,0,350
10515,27,43.90,120,0,674
10515,33,2.50,16,0.15,854
10515,60,34.00,84,0.15,1617
10516,18,62.50,25,0.1,423
10516,41,9.65,80,0.1,1073
10516,42,14.00,20,0,1118
10517,52,7.00,6,0,1334
10517,59,55.00,4,0,1567
10517,70,15.00,6,0,1899
10518,24,4.50,5,0,587
10518,38,263.50,15,0,975
10518,44,19.45,9,0,1175
10519,10,31.00,16,0.05,191
10519,56,38.00,40,0,1475
10519,60,34.00,10,0.05,1618
10520,24,4.50,8,0,588
10520,53,32.80,5,0,1372
10521,35,18.00,3,0,904
10521,41,9.65,10,0,1074
10521,68,12.50,6,0,1835
10522,1,18.00,40,0.2,10
10522,8,40.00,24,0,169
10522,30,25.89,20,0.2,755
10522,40,18.40,25,0.2,1035
10523,17,39.00,25,0.1,392
10523,20,81.00,15,0.1,487
10523,37,26.00,18,0.1,964
10523,41,9.65,6,0.1,1075
10524,10,31.00,2,0,192
10524,30,25.89,10,0,756
10524,43,46.00,60,0,1149
10524,54,7.45,15,0,1404
10525,36,19.00,30,0,939
10525,40,18.40,15,0.1,1036
10526,1,18.00,8,0.15,11
10526,13,6.00,10,0,278
10526,56,38.00,30,0.15,1476
10527,4,22.00,50,0.1,102
10527,36,19.00,30,0.1,940
10528,11,21.00,3,0,229
10528,33,2.50,8,0.2,855
10528,72,34.80,9,0,1984
10529,55,24.00,14,0,1435
10529,68,12.50,20,0,1836
10529,69,36.00,10,0,1867
10530,17,39.00,40,0,393
10530,43,46.00,25,0,1150
10530,61,28.50,20,0,1658
10530,76,18.00,50,0,2090
10531,59,55.00,2,0,1568
10532,30,25.89,15,0,757
10532,66,17.00,24,0,1808
10533,4,22.00,50,0.05,103
10533,72,34.80,24,0,1985
10533,73,15.00,24,0.05,2009
10534,30,25.89,10,0,758
10534,40,18.40,10,0.2,1037
10534,54,7.45,10,0.2,1405
10535,11,21.00,50,0.1,230
10535,40,18.40,10,0.1,1038
10535,57,19.50,5,0.1,1515
10535,59,55.00,15,0.1,1569
10536,12,38.00,15,0.25,257
10536,31,12.50,20,0,794
10536,33,2.50,30,0,856
10536,60,34.00,35,0.25,1619
10537,31,12.50,30,0,795
10537,51,53.00,6,0,1299
10537,58,13.25,20,0,1534
10537,72,34.80,21,0,1986
10537,73,15.00,9,0,2010
10538,70,15.00,7,0,1900
10538,72,34.80,1,0,1987
10539,13,6.00,8,0,279
10539,21,10.00,15,0,511
10539,33,2.50,15,0,857
10539,49,20.00,6,0,1268
10540,3,10.00,60,0,86
10540,26,31.23,40,0,651
10540,38,263.50,30,0,976
10540,68,12.50,35,0,1837
10541,24,4.50,35,0.1,589
10541,38,263.50,4,0.1,977
10541,65,21.05,36,0.1,1786
10541,71,21.50,9,0.1,1943
10542,11,21.00,15,0.05,231
10542,54,7.45,24,0.05,1406
10543,12,38.00,30,0.15,258
10543,23,9.00,70,0.15,557
10544,28,45.60,7,0,697
10544,67,14.00,7,0,1814
10545,11,21.00,10,0,232
10546,7,30.00,10,0,142
10546,35,18.00,30,0,905
10546,62,49.30,40,0,1692
10547,32,32.00,24,0.15,832
10547,36,19.00,60,0,941
10548,34,14.00,10,0.25,882
10548,41,9.65,14,0,1076
10549,31,12.50,55,0.15,796
10549,45,9.50,100,0.15,1194
10549,51,53.00,48,0.15,1300
10550,17,39.00,8,0.1,394
10550,19,9.20,10,0,457
10550,21,10.00,6,0.1,512
10550,61,28.50,10,0.1,1659
10551,16,17.45,40,0.15,351
10551,35,18.00,20,0.15,906
10551,44,19.45,40,0,1176
10552,69,36.00,18,0,1868
10552,75,7.75,30,0,2046
10553,11,21.00,15,0,233
10553,16,17.45,14,0,352
10553,22,21.00,24,0,538
10553,31,12.50,30,0,797
10553,35,18.00,6,0,907
10554,16,17.45,30,0.05,353
10554,23,9.00,20,0.05,558
10554,62,49.30,20,0.05,1693
10554,77,13.00,10,0.05,2131
10555,14,23.25,30,0.2,319
10555,19,9.20,35,0.2,458
10555,24,4.50,18,0.2,590
10555,51,53.00,20,0.2,1301
10555,56,38.00,40,0.2,1477
10556,72,34.80,24,0,1988
10557,64,33.25,30,0,1752
10557,75,7.75,20,0,2047
10558,47,9.50,25,0,1237
10558,51,53.00,20,0,1302
10558,52,7.00,30,0,1335
10558,53,32.80,18,0,1373
10558,73,15.00,3,0,2011
10559,41,9.65,12,0.05,1077
10559,55,24.00,18,0.05,1436
10560,30,25.89,20,0,759
10560,62,49.30,15,0.25,1694
10561,44,19.45,10,0,1177
10561,51,53.00,50,0,1303
10562,33,2.50,20,0.1,858
10562,62,49.30,10,0.1,1695
10563,36,19.00,25,0,942
10563,52,7.00,70,0,1336
10564,17,39.00,16,0.05,395
10564,31,12.50,6,0.05,798
10564,55,24.00,25,0.05,1437
10565,24,4.50,25,0.1,591
10565,64,33.25,18,0.1,1753
10566,11,21.00,35,0.15,234
10566,18,62.50,18,0.15,424
10566,76,18.00,10,0,2091
10567,31,12.50,60,0.2,799
10567,51,53.00,3,0,1304
10567,59,55.00,40,0.2,1570
10568,10,31.00,5,0,193
10569,31,12.50,35,0.2,800
10569,76,18.00,30,0,2092
10570,11,21.00,15,0.05,235
10570,56,38.00,60,0.05,1478
10571,14,23.25,11,0.15,320
10571,42,14.00,28,0.15,1119
10572,16,17.45,12,0.1,354
10572,32,32.00,10,0.1,833
10572,40,18.40,50,0,1039
10572,75,7.75,15,0.1,2048
10573,17,39.00,18,0,396
10573,34,14.00,40,0,883
10573,53,32.80,25,0,1374
10574,33,2.50,14,0,859
10574,40,18.40,2,0,1040
10574,62,49.30,10,0,1696
10574,64,33.25,6,0,1754
10575,59,55.00,12,0,1571
10575,63,43.90,6,0,1731
10575,72,34.80,30,0,1989
10575,76,18.00,10,0,2093
10576,1,18.00,10,0,12
10576,31,12.50,20,0,801
10576,44,19.45,21,0,1178
10577,39,18.00,10,0,1003
10577,75,7.75,20,0,2049
10577,77,13.00,18,0,2132
10578,35,18.00,20,0,908
10578,57,19.50,6,0,1516
10579,15,15.50,10,0,334
10579,75,7.75,21,0,2050
10580,14,23.25,15,0.05,321
10580,41,9.65,9,0.05,1078
10580,65,21.05,30,0.05,1787
10581,75,7.75,50,0.2,2051
10582,57,19.50,4,0,1517
10582,76,18.00,14,0,2094
10583,29,123.79,10,0,724
10583,60,34.00,24,0.15,1620
10583,69,36.00,10,0.15,1869
10584,31,12.50,50,0.05,802
10585,47,9.50,15,0,1238
10586,52,7.00,4,0.15,1337
10587,26,31.23,6,0,652
10587,35,18.00,20,0,909
10587,77,13.00,20,0,2133
10588,18,62.50,40,0.2,425
10588,42,14.00,100,0.2,1120
10589,35,18.00,4,0,910
10590,1,18.00,20,0,13
10590,77,13.00,60,0.05,2134
10591,3,10.00,14,0,87
10591,7,30.00,10,0,143
10591,54,7.45,50,0,1407
10592,15,15.50,25,0.05,335
10592,26,31.23,5,0.05,653
10593,20,81.00,21,0.2,488
10593,69,36.00,20,0.2,1870
10593,76,18.00,4,0.2,2095
10594,52,7.00,24,0,1338
10594,58,13.25,30,0,1535
10595,35,18.00,30,0.25,911
10595,61,28.50,120,0.25,1660
10595,69,36.00,65,0.25,1871
10596,56,38.00,5,0.2,1479
10596,63,43.90,24,0.2,1732
10596,75,7.75,30,0.2,2052
10597,24,4.50,35,0.2,592
10597,57,19.50,20,0,1518
10597,65,21.05,12,0.2,1788
10598,27,43.90,50,0,675
10598,71,21.50,9,0,1944
10599,62,49.30,10,0,1697
10600,54,7.45,4,0,1408
10600,73,15.00,30,0,2012
10601,13,6.00,60,0,280
10601,59,55.00,35,0,1572
10602,77,13.00,5,0.25,2135
10603,22,21.00,48,0,539
10603,49,20.00,25,0.05,1269
10604,48,12.75,6,0.1,1256
10604,76,18.00,10,0.1,2096
10605,16,17.45,30,0.05,355
10605,59,55.00,20,0.05,1573
10605,60,34.00,70,0.05,1621
10605,71,21.50,15,0.05,1945
10606,4,22.00,20,0.2,104
10606,55,24.00,20,0.2,1438
10606,62,49.30,10,0.2,1698
10607,7,30.00,45,0,144
10607,17,39.00,100,0,397
10607,33,2.50,14,0,860
10607,40,18.40,42,0,1041
10607,72,34.80,12,0,1990
10608,56,38.00,28,0,1480
10609,1,18.00,3,0,14
10609,10,31.00,10,0,194
10609,21,10.00,6,0,513
10610,36,19.00,21,0.25,943
10611,1,18.00,6,0,15
10611,2,19.00,10,0,53
10611,60,34.00,15,0,1622
10612,10,31.00,70,0,195
10612,36,19.00,55,0,944
10612,49,20.00,18,0,1270
10612,60,34.00,40,0,1623
10612,76,18.00,80,0,2097
10613,13,6.00,8,0.1,281
10613,75,7.75,40,0,2053
10614,11,21.00,14,0,236
10614,21,10.00,8,0,514
10614,39,18.00,5,0,1004
10615,55,24.00,5,0,1439
10616,38,263.50,15,0.05,978
10616,56,38.00,14,0,1481
10616,70,15.00,15,0.05,1901
10616,71,21.50,15,0.05,1946
10617,59,55.00,30,0.15,1574
10618,6,25.00,70,0,127
10618,56,38.00,20,0,1482
10618,68,12.50,15,0,1838
10619,21,10.00,42,0,515
10619,22,21.00,40,0,540
10620,24,4.50,5,0,593
10620,52,7.00,5,0,1339
10621,19,9.20,5,0,459
10621,23,9.00,10,0,559
10621,70,15.00,20,0,1902
10621,71,21.50,15,0,1947
10622,2,19.00,20,0,54
10622,68,12.50,18,0.2,1839
10623,14,23.25,21,0,322
10623,19,9.20,15,0.1,460
10623,21,10.00,25,0.1,516
10623,24,4.50,3,0,594
10623,35,18.00,30,0.1,912
10624,28,45.60,10,0,698
10624,29,123.79,6,0,725
10624,44,19.45,10,0,1179
10625,14,23.25,3,0,323
10625,42,14.00,5,0,1121
10625,60,34.00,10,0,1624
10626,53,32.80,12,0,1375
10626,60,34.00,20,0,1625
10626,71,21.50,20,0,1948
10627,62,49.30,15,0,1699
10627,73,15.00,35,0.15,2013
10628,1,18.00,25,0,16
10629,29,123.79,20,0,726
10629,64,33.25,9,0,1755
10630,55,24.00,12,0.05,1440
10630,76,18.00,35,0,2098
10631,75,7.75,8,0.1,2054
10632,2,19.00,30,0.05,55
10632,33,2.50,20,0.05,861
10633,12,38.00,36,0.15,259
10633,13,6.00,13,0.15,282
10633,26,31.23,35,0.15,654
10633,62,49.30,80,0.15,1700
10634,7,30.00,35,0,145
10634,18,62.50,50,0,426
10634,51,53.00,15,0,1305
10634,75,7.75,2,0,2055
10635,4,22.00,10,0.1,105
10635,5,21.35,15,0.1,119
10635,22,21.00,40,0,541
10636,4,22.00,25,0,106
10636,58,13.25,6,0,1536
10637,11,21.00,10,0,237
10637,50,16.25,25,0.05,1284
10637,56,38.00,60,0.05,1483
10638,45,9.50,20,0,1195
10638,65,21.05,21,0,1789
10638,72,34.80,60,0,1991
10639,18,62.50,8,0,427
10640,69,36.00,20,0.25,1872
10640,70,15.00,15,0.25,1903
10641,2,19.00,50,0,56
10641,40,18.40,60,0,1042
10642,21,10.00,30,0.2,517
10642,61,28.50,20,0.2,1661
10643,28,45.60,15,0.25,699
10643,39,18.00,21,0.25,1005
10643,46,12.00,2,0.25,1216
10644,18,62.50,4,0.1,428
10644,43,46.00,20,0,1151
10644,46,12.00,21,0.1,1217
10645,18,62.50,20,0,429
10645,36,19.00,15,0,945
10646,1,18.00,15,0.25,17
10646,10,31.00,18,0.25,196
10646,71,21.50,30,0.25,1949
10646,77,13.00,35,0.25,2136
10647,19,9.20,30,0,461
10647,39,18.00,20,0,1006
10648,22,21.00,15,0,542
10648,24,4.50,15,0.15,595
10649,28,45.60,20,0,700
10649,72,34.80,15,0,1992
10650,30,25.89,30,0,760
10650,53,32.80,25,0.05,1376
10650,54,7.45,30,0,1409
10651,19,9.20,12,0.25,462
10651,22,21.00,20,0.25,543
10652,30,25.89,2,0.25,761
10652,42,14.00,20,0,1122
10653,16,17.45,30,0.1,356
10653,60,34.00,20,0.1,1626
10654,4,22.00,12,0.1,107
10654,39,18.00,20,0.1,1007
10654,54,7.45,6,0.1,1410
10655,41,9.65,20,0.2,1079
10656,14,23.25,3,0.1,324
10656,44,19.45,28,0.1,1180
10656,47,9.50,6,0.1,1239
10657,15,15.50,50,0,336
10657,41,9.65,24,0,1080
10657,46,12.00,45,0,1218
10657,47,9.50,10,0,1240
10657,56,38.00,45,0,1484
10657,60,34.00,30,0,1627
10658,21,10.00,60,0,518
10658,40,18.40,70,0.05,1043
10658,60,34.00,55,0.05,1628
10658,77,13.00,70,0.05,2137
10659,31,12.50,20,0.05,803
10659,40,18.40,24,0.05,1044
10659,70,15.00,40,0.05,1904
10660,20,81.00,21,0,489
10661,39,18.00,3,0.2,1008
10661,58,13.25,49,0.2,1537
10662,68,12.50,10,0,1840
10663,40,18.40,30,0.05,1045
10663,42,14.00,30,0.05,1123
10663,51,53.00,20,0.05,1306
10664,10,31.00,24,0.15,197
10664,56,38.00,12,0.15,1485
10664,65,21.05,15,0.15,1790
10665,51,53.00,20,0,1307
10665,59,55.00,1,0,1575
10665,76,18.00,10,0,2099
10666,29,123.79,36,0,727
10666,65,21.05,10,0,1791
10667,69,36.00,45,0.2,1873
10667,71,21.50,14,0.2,1950
10668,31,12.50,8,0.1,804
10668,55,24.00,4,0.1,1441
10668,64,33.25,15,0.1,1756
10669,36,19.00,30,0,946
10670,23,9.00,32,0,560
10670,46,12.00,60,0,1219
10670,67,14.00,25,0,1815
10670,73,15.00,50,0,2014
10670,75,7.75,25,0,2056
10671,16,17.45,10,0,357
10671,62,49.30,10,0,1701
10671,65,21.05,12,0,1792
10672,38,263.50,15,0.1,979
10672,71,21.50,12,0,1951
10673,16,17.45,3,0,358
10673,42,14.00,6,0,1124
10673,43,46.00,6,0,1152
10674,23,9.00,5,0,561
10675,14,23.25,30,0,325
10675,53,32.80,10,0,1377
10675,58,13.25,30,0,1538
10676,10,31.00,2,0,198
10676,19,9.20,7,0,463
10676,44,19.45,21,0,1181
10677,26,31.23,30,0.15,655
10677,33,2.50,8,0.15,862
10678,12,38.00,100,0,260
10678,33,2.50,30,0,863
10678,41,9.65,120,0,1081
10678,54,7.45,30,0,1411
10679,59,55.00,12,0,1576
10680,16,17.45,50,0.25,359
10680,31,12.50,20,0.25,805
10680,42,14.00,40,0.25,1125
10681,19,9.20,30,0.1,464
10681,21,10.00,12,0.1,519
10681,64,33.25,28,0,1757
10682,33,2.50,30,0,864
10682,66,17.00,4,0,1809
10682,75,7.75,30,0,2057
10683,52,7.00,9,0,1340
10684,40,18.40,20,0,1046
10684,47,9.50,40,0,1241
10684,60,34.00,30,0,1629
10685,10,31.00,20,0,199
10685,41,9.65,4,0,1082
10685,47,9.50,15,0,1242
10686,17,39.00,30,0.2,398
10686,26,31.23,15,0,656
10687,9,97.00,50,0.25,181
10687,29,123.79,10,0,728
10687,36,19.00,6,0.25,947
10688,10,31.00,18,0.1,200
10688,28,45.60,60,0.1,701
10688,34,14.00,14,0,884
10689,1,18.00,35,0.25,18
10690,56,38.00,20,0.25,1486
10690,77,13.00,30,0.25,2138
10691,1,18.00,30,0,19
10691,29,123.79,40,0,729
10691,43,46.00,40,0,1153
10691,44,19.45,24,0,1182
10691,62,49.30,48,0,1702
10692,63,43.90,20,0,1733
10693,9,97.00,6,0,182
10693,54,7.45,60,0.15,1412
10693,69,36.00,30,0.15,1874
10693,73,15.00,15,0.15,2015
10694,7,30.00,90,0,146
10694,59,55.00,25,0,1577
10694,70,15.00,50,0,1905
10695,8,40.00,10,0,170
10695,12,38.00,4,0,261
10695,24,4.50,20,0,596
10696,17,39.00,20,0,399
10696,46,12.00,18,0,1220
10697,19,9.20,7,0.25,465
10697,35,18.00,9,0.25,913
10697,58,13.25,30,0.25,1539
10697,70,15.00,30,0.25,1906
10698,11,21.00,15,0,238
10698,17,39.00,8,0.05,400
10698,29,123.79,12,0.05,730
10698,65,21.05,65,0.05,1793
10698,70,15.00,8,0.05,1907
10699,47,9.50,12,0,1243
10700,1,18.00,5,0.2,20
10700,34,14.00,12,0.2,885
10700,68,12.50,40,0.2,1841
10700,71,21.50,60,0.2,1952
10701,59,55.00,42,0.15,1578
10701,71,21.50,20,0.15,1953
10701,76,18.00,35,0.15,2100
10702,3,10.00,6,0,88
10702,76,18.00,15,0,2101
10703,2,19.00,5,0,57
10703,59,55.00,35,0,1579
10703,73,15.00,35,0,2016
10704,4,22.00,6,0,108
10704,24,4.50,35,0,597
10704,48,12.75,24,0,1257
10705,31,12.50,20,0,806
10705,32,32.00,4,0,834
10706,16,17.45,20,0,360
10706,43,46.00,24,0,1154
10706,59,55.00,8,0,1580
10707,55,24.00,21,0,1442
10707,57,19.50,40,0,1519
10707,70,15.00,28,0.15,1908
10708,5,21.35,4,0,120
10708,36,19.00,5,0,948
10709,8,40.00,40,0,171
10709,51,53.00,28,0,1308
10709,60,34.00,10,0,1630
10710,19,9.20,5,0,466
10710,47,9.50,5,0,1244
10711,19,9.20,12,0,467
10711,41,9.65,42,0,1083
10711,53,32.80,120,0,1378
10712,53,32.80,3,0.05,1379
10712,56,38.00,30,0,1487
10713,10,31.00,18,0,201
10713,26,31.23,30,0,657
10713,45,9.50,110,0,1196
10713,46,12.00,24,0,1221
10714,2,19.00,30,0.25,58
10714,17,39.00,27,0.25,401
10714,47,9.50,50,0.25,1245
10714,56,38.00,18,0.25,1488
10714,58,13.25,12,0.25,1540
10715,10,31.00,21,0,202
10715,71,21.50,30,0,1954
10716,21,10.00,5,0,520
10716,51,53.00,7,0,1309
10716,61,28.50,10,0,1662
10717,21,10.00,32,0.05,521
10717,54,7.45,15,0,1413
10717,69,36.00,25,0.05,1875
10718,12,38.00,36,0,262
10718,16,17.45,20,0,361
10718,36,19.00,40,0,949
10718,62,49.30,20,0,1703
10719,18,62.50,12,0.25,430
10719,30,25.89,3,0.25,762
10719,54,7.45,40,0.25,1414
10720,35,18.00,21,0,914
10720,71,21.50,8,0,1955
10721,44,19.45,50,0.05,1183
10722,2,19.00,3,0,59
10722,31,12.50,50,0,807
10722,68,12.50,45,0,1842
10722,75,7.75,42,0,2058
10723,26,31.23,15,0,658
10724,10,31.00,16,0,203
10724,61,28.50,5,0,1663
10725,41,9.65,12,0,1084
10725,52,7.00,4,0,1341
10725,55,24.00,6,0,1443
10726,4,22.00,25,0,109
10726,11,21.00,5,0,239
10727,17,39.00,20,0.05,402
10727,56,38.00,10,0.05,1489
10727,59,55.00,10,0.05,1581
10728,30,25.89,15,0,763
10728,40,18.40,6,0,1047
10728,55,24.00,12,0,1444
10728,60,34.00,15,0,1631
10729,1,18.00,50,0,21
10729,21,10.00,30,0,522
10729,50,16.25,40,0,1285
10730,16,17.45,15,0.05,362
10730,31,12.50,3,0.05,808
10730,65,21.05,10,0.05,1794
10731,21,10.00,40,0.05,523
10731,51,53.00,30,0.05,1310
10732,76,18.00,20,0,2102
10733,14,23.25,16,0,326
10733,28,45.60,20,0,702
10733,52,7.00,25,0,1342
10734,6,25.00,30,0,128
10734,30,25.89,15,0,764
10734,76,18.00,20,0,2103
10735,61,28.50,20,0.1,1664
10735,77,13.00,2,0.1,2139
10736,65,21.05,40,0,1795
10736,75,7.75,20,0,2059
10737,13,6.00,4,0,283
10737,41,9.65,12,0,1085
10738,16,17.45,3,0,363
10739,36,19.00,6,0,950
10739,52,7.00,18,0,1343
10740,28,45.60,5,0.2,703
10740,35,18.00,35,0.2,915
10740,45,9.50,40,0.2,1197
10740,56,38.00,14,0.2,1490
10741,2,19.00,15,0.2,60
10742,3,10.00,20,0,89
10742,60,34.00,50,0,1632
10742,72,34.80,35,0,1993
10743,46,12.00,28,0.05,1222
10744,40,18.40,50,0.2,1048
10745,18,62.50,24,0,431
10745,44,19.45,16,0,1184
10745,59,55.00,45,0,1582
10745,72,34.80,7,0,1994
10746,13,6.00,6,0,284
10746,42,14.00,28,0,1126
10746,62,49.30,9,0,1704
10746,69,36.00,40,0,1876
10747,31,12.50,8,0,809
10747,41,9.65,35,0,1086
10747,63,43.90,9,0,1734
10747,69,36.00,30,0,1877
10748,23,9.00,44,0,562
10748,40,18.40,40,0,1049
10748,56,38.00,28,0,1491
10749,56,38.00,15,0,1492
10749,59,55.00,6,0,1583
10749,76,18.00,10,0,2104
10750,14,23.25,5,0.15,327
10750,45,9.50,40,0.15,1198
10750,59,55.00,25,0.15,1584
10751,26,31.23,12,0.1,659
10751,30,25.89,30,0,765
10751,50,16.25,20,0.1,1286
10751,73,15.00,15,0,2017
10752,1,18.00,8,0,22
10752,69,36.00,3,0,1878
10753,45,9.50,4,0,1199
10753,74,10.00,5,0,2028
10754,40,18.40,3,0,1050
10755,47,9.50,30,0.25,1246
10755,56,38.00,30,0.25,1493
10755,57,19.50,14,0.25,1520
10755,69,36.00,25,0.25,1879
10756,18,62.50,21,0.2,432
10756,36,19.00,20,0.2,951
10756,68,12.50,6,0.2,1843
10756,69,36.00,20,0.2,1880
10757,34,14.00,30,0,886
10757,59,55.00,7,0,1585
10757,62,49.30,30,0,1705
10757,64,33.25,24,0,1758
10758,26,31.23,20,0,660
10758,52,7.00,60,0,1344
10758,70,15.00,40,0,1909
10759,32,32.00,10,0,835
10760,25,14.00,12,0.25,628
10760,27,43.90,40,0,676
10760,43,46.00,30,0.25,1155
10761,25,14.00,35,0.25,629
10761,75,7.75,18,0,2060
10762,39,18.00,16,0,1009
10762,47,9.50,30,0,1247
10762,51,53.00,28,0,1311
10762,56,38.00,60,0,1494
10763,21,10.00,40,0,524
10763,22,21.00,6,0,544
10763,24,4.50,20,0,598
10764,3,10.00,20,0.1,90
10764,39,18.00,130,0.1,1010
10765,65,21.05,80,0.1,1796
10766,2,19.00,40,0,61
10766,7,30.00,35,0,147
10766,68,12.50,40,0,1844
10767,42,14.00,2,0,1127
10768,22,21.00,4,0,545
10768,31,12.50,50,0,810
10768,60,34.00,15,0,1633
10768,71,21.50,12,0,1956
10769,41,9.65,30,0.05,1087
10769,52,7.00,15,0.05,1345
10769,61,28.50,20,0,1665
10769,62,49.30,15,0,1706
10770,11,21.00,15,0.25,240
10771,71,21.50,16,0,1957
10772,29,123.79,18,0,731
10772,59,55.00,25,0,1586
10773,17,39.00,33,0,403
10773,31,12.50,70,0.2,811
10773,75,7.75,7,0.2,2061
10774,31,12.50,2,0.25,812
10774,66,17.00,50,0,1810
10775,10,31.00,6,0,204
10775,67,14.00,3,0,1816
10776,31,12.50,16,0.05,813
10776,42,14.00,12,0.05,1128
10776,45,9.50,27,0.05,1200
10776,51,53.00,120,0.05,1312
10777,42,14.00,20,0.2,1129
10778,41,9.65,10,0,1088
10779,16,17.45,20,0,364
10779,62,49.30,20,0,1707
10780,70,15.00,35,0,1910
10780,77,13.00,15,0,2140
10781,54,7.45,3,0.2,1415
10781,56,38.00,20,0.2,1495
10781,74,10.00,35,0,2029
10782,31,12.50,1,0,814
10783,31,12.50,10,0,815
10783,38,263.50,5,0,980
10784,36,19.00,30,0,952
10784,39,18.00,2,0.15,1011
10784,72,34.80,30,0.15,1995
10785,10,31.00,10,0,205
10785,75,7.75,10,0,2062
10786,8,40.00,30,0.2,172
10786,30,25.89,15,0.2,766
10786,75,7.75,42,0.2,2063
10787,2,19.00,15,0.05,62
10787,29,123.79,20,0.05,732
10788,19,9.20,50,0.05,468
10788,75,7.75,40,0.05,2064
10789,18,62.50,30,0,433
10789,35,18.00,15,0,916
10789,63,43.90,30,0,1735
10789,68,12.50,18,0,1845
10790,7,30.00,3,0.15,148
10790,56,38.00,20,0.15,1496
10791,29,123.79,14,0.05,733
10791,41,9.65,20,0.05,1089
10792,2,19.00,10,0,63
10792,54,7.45,3,0,1416
10792,68,12.50,15,0,1846
10793,41,9.65,14,0,1090
10793,52,7.00,8,0,1346
10794,14,23.25,15,0.2,328
10794,54,7.45,6,0.2,1417
10795,16,17.45,65,0,365
10795,17,39.00,35,0.25,404
10796,26,31.23,21,0.2,661
10796,44,19.45,10,0,1185
10796,64,33.25,35,0.2,1759
10796,69,36.00,24,0.2,1881
10797,11,21.00,20,0,241
10798,62,49.30,2,0,1708
10798,72,34.80,10,0,1996
10799,13,6.00,20,0.15,285
10799,24,4.50,20,0.15,599
10799,59,55.00,25,0,1587
10800,11,21.00,50,0.1,242
10800,51,53.00,10,0.1,1313
10800,54,7.45,7,0.1,1418
10801,17,39.00,40,0.25,405
10801,29,123.79,20,0.25,734
10802,30,25.89,25,0.25,767
10802,51,53.00,30,0.25,1314
10802,55,24.00,60,0.25,1445
10802,62,49.30,5,0.25,1709
10803,19,9.20,24,0.05,469
10803,25,14.00,15,0.05,630
10803,59,55.00,15,0.05,1588
10804,10,31.00,36,0,206
10804,28,45.60,24,0,704
10804,49,20.00,4,0.15,1271
10805,34,14.00,10,0,887
10805,38,263.50,10,0,981
10806,2,19.00,20,0.25,64
10806,65,21.05,2,0,1797
10806,74,10.00,15,0.25,2030
10807,40,18.40,1,0,1051
10808,56,38.00,20,0.15,1497
10808,76,18.00,50,0.15,2105
10809,52,7.00,20,0,1347
10810,13,6.00,7,0,286
10810,25,14.00,5,0,631
10810,70,15.00,5,0,1911
10811,19,9.20,15,0,470
10811,23,9.00,18,0,563
10811,40,18.40,30,0,1052
10812,31,12.50,16,0.1,816
10812,72,34.80,40,0.1,1997
10812,77,13.00,20,0,2141
10813,2,19.00,12,0.2,65
10813,46,12.00,35,0,1223
10814,41,9.65,20,0,1091
10814,43,46.00,20,0.15,1156
10814,48,12.75,8,0.15,1258
10814,61,28.50,30,0.15,1666
10815,33,2.50,16,0,865
10816,38,263.50,30,0.05,982
10816,62,49.30,20,0.05,1710
10817,26,31.23,40,0.15,662
10817,38,263.50,30,0,983
10817,40,18.40,60,0.15,1053
10817,62,49.30,25,0.15,1711
10818,32,32.00,20,0,836
10818,41,9.65,20,0,1092
10819,43,46.00,7,0,1157
10819,75,7.75,20,0,2065
10820,56,38.00,30,0,1498
10821,35,18.00,20,0,917
10821,51,53.00,6,0,1315
10822,62,49.30,3,0,1712
10822,70,15.00,6,0,1912
10823,11,21.00,20,0.1,243
10823,57,19.50,15,0,1521
10823,59,55.00,40,0.1,1589
10823,77,13.00,15,0.1,2142
10824,41,9.65,12,0,1093
10824,70,15.00,9,0,1913
10825,26,31.23,12,0,663
10825,53,32.80,20,0,1380
10826,31,12.50,35,0,817
10826,57,19.50,15,0,1522
10827,10,31.00,15,0,207
10827,39,18.00,21,0,1012
10828,20,81.00,5,0,490
10828,38,263.50,2,0,984
10829,2,19.00,10,0,66
10829,8,40.00,20,0,173
10829,13,6.00,10,0,287
10829,60,34.00,21,0,1634
10830,6,25.00,6,0,129
10830,39,18.00,28,0,1013
10830,60,34.00,30,0,1635
10830,68,12.50,24,0,1847
10831,19,9.20,2,0,471
10831,35,18.00,8,0,918
10831,38,263.50,8,0,985
10831,43,46.00,9,0,1158
10832,13,6.00,3,0.2,288
10832,25,14.00,10,0.2,632
10832,44,19.45,16,0.2,1186
10832,64,33.25,3,0,1760
10833,7,30.00,20,0.1,149
10833,31,12.50,9,0.1,818
10833,53,32.80,9,0.1,1381
10834,29,123.79,8,0.05,735
10834,30,25.89,20,0.05,768
10835,59,55.00,15,0,1590
10835,77,13.00,2,0.2,2143
10836,22,21.00,52,0,546
10836,35,18.00,6,0,919
10836,57,19.50,24,0,1523
10836,60,34.00,60,0,1636
10836,64,33.25,30,0,1761
10837,13,6.00,6,0,289
10837,40,18.40,25,0,1054
10837,47,9.50,40,0.25,1248
10837,76,18.00,21,0.25,2106
10838,1,18.00,4,0.25,23
10838,18,62.50,25,0.25,434
10838,36,19.00,50,0.25,953
10839,58,13.25,30,0.1,1541
10839,72,34.80,15,0.1,1998
10840,25,14.00,6,0.2,633
10840,39,18.00,10,0.2,1014
10841,10,31.00,16,0,208
10841,56,38.00,30,0,1499
10841,59,55.00,50,0,1591
10841,77,13.00,15,0,2144
10842,11,21.00,15,0,244
10842,43,46.00,5,0,1159
10842,68,12.50,20,0,1848
10842,70,15.00,12,0,1914
10843,51,53.00,4,0.25,1316
10844,22,21.00,35,0,547
10845,23,9.00,70,0.1,564
10845,35,18.00,25,0.1,920
10845,42,14.00,42,0.1,1130
10845,58,13.25,60,0.1,1542
10845,64,33.25,48,0,1762
10846,4,22.00,21,0,110
10846,70,15.00,30,0,1915
10846,74,10.00,20,0,2031
10847,1,18.00,80,0.2,24
10847,19,9.20,12,0.2,472
10847,37,26.00,60,0.2,965
10847,45,9.50,36,0.2,1201
10847,60,34.00,45,0.2,1637
10847,71,21.50,55,0.2,1958
10848,5,21.35,30,0,121
10848,9,97.00,3,0,183
10849,3,10.00,49,0,91
10849,26,31.23,18,0.15,664
10850,25,14.00,20,0.15,634
10850,33,2.50,4,0.15,866
10850,70,15.00,30,0.15,1916
10851,2,19.00,5,0.05,67
10851,25,14.00,10,0.05,635
10851,57,19.50,10,0.05,1524
10851,59,55.00,42,0.05,1592
10852,2,19.00,15,0,68
10852,17,39.00,6,0,406
10852,62,49.30,50,0,1713
10853,18,62.50,10,0,435
10854,10,31.00,100,0.15,209
10854,13,6.00,65,0.15,290
10855,16,17.45,50,0,366
10855,31,12.50,14,0,819
10855,56,38.00,24,0,1500
10855,65,21.05,15,0.15,1798
10856,2,19.00,20,0,69
10856,42,14.00,20,0,1131
10857,3,10.00,30,0,92
10857,26,31.23,35,0.25,665
10857,29,123.79,10,0.25,736
10858,7,30.00,5,0,150
10858,27,43.90,10,0,677
10858,70,15.00,4,0,1917
10859,24,4.50,40,0.25,600
10859,54,7.45,35,0.25,1419
10859,64,33.25,30,0.25,1763
10860,51,53.00,3,0,1317
10860,76,18.00,20,0,2107
10861,17,39.00,42,0,407
10861,18,62.50,20,0,436
10861,21,10.00,40,0,525
10861,33,2.50,35,0,867
10861,62,49.30,3,0,1714
10862,11,21.00,25,0,245
10862,52,7.00,8,0,1348
10863,1,18.00,20,0.15,25
10863,58,13.25,12,0.15,1543
10864,35,18.00,4,0,921
10864,67,14.00,15,0,1817
10865,38,263.50,60,0.05,986
10865,39,18.00,80,0.05,1015
10866,2,19.00,21,0.25,70
10866,24,4.50,6,0.25,601
10866,30,25.89,40,0.25,769
10867,53,32.80,3,0,1382
10868,26,31.23,20,0,666
10868,35,18.00,30,0,922
10868,49,20.00,42,0.1,1272
10869,1,18.00,40,0,26
10869,11,21.00,10,0,246
10869,23,9.00,50,0,565
10869,68,12.50,20,0,1849
10870,35,18.00,3,0,923
10870,51,53.00,2,0,1318
10871,6,25.00,50,0.05,130
10871,16,17.45,12,0.05,367
10871,17,39.00,16,0.05,408
10872,55,24.00,10,0.05,1446
10872,62,49.30,20,0.05,1715
10872,64,33.25,15,0.05,1764
10872,65,21.05,21,0.05,1799
10873,21,10.00,20,0,526
10873,28,45.60,3,0,705
10874,10,31.00,10,0,210
10875,19,9.20,25,0,473
10875,47,9.50,21,0.1,1249
10875,49,20.00,15,0,1273
10876,46,12.00,21,0,1224
10876,64,33.25,20,0,1765
10877,16,17.45,30,0.25,368
10877,18,62.50,25,0,437
10878,20,81.00,20,0.05,491
10879,40,18.40,12,0,1055
10879,65,21.05,10,0,1800
10879,76,18.00,10,0,2108
10880,23,9.00,30,0.2,566
10880,61,28.50,30,0.2,1667
10880,70,15.00,50,0.2,1918
10881,73,15.00,10,0,2018
10882,42,14.00,25,0,1132
10882,49,20.00,20,0.15,1274
10882,54,7.45,32,0.15,1420
10883,24,4.50,8,0,602
10884,21,10.00,40,0.05,527
10884,56,38.00,21,0.05,1501
10884,65,21.05,12,0.05,1801
10885,2,19.00,20,0,71
10885,24,4.50,12,0,603
10885,70,15.00,30,0,1919
10885,77,13.00,25,0,2145
10886,10,31.00,70,0,211
10886,31,12.50,35,0,820
10886,77,13.00,40,0,2146
10887,25,14.00,5,0,636
10888,2,19.00,20,0,72
10888,68,12.50,18,0,1850
10889,11,21.00,40,0,247
10889,38,263.50,40,0,987
10890,17,39.00,15,0,409
10890,34,14.00,10,0,888
10890,41,9.65,14,0,1094
10891,30,25.89,15,0.05,770
10892,59,55.00,40,0.05,1593
10893,8,40.00,30,0,174
10893,24,4.50,10,0,604
10893,29,123.79,24,0,737
10893,30,25.89,35,0,771
10893,36,19.00,20,0,954
10894,13,6.00,28,0.05,291
10894,69,36.00,50,0.05,1882
10894,75,7.75,120,0.05,2066
10895,24,4.50,110,0,605
10895,39,18.00,45,0,1016
10895,40,18.40,91,0,1056
10895,60,34.00,100,0,1638
10896,45,9.50,15,0,1202
10896,56,38.00,16,0,1502
10897,29,123.79,80,0,738
10897,30,25.89,36,0,772
10898,13,6.00,5,0,292
10899,39,18.00,8,0.15,1017
10900,70,15.00,3,0.25,1920
10901,41,9.65,30,0,1095
10901,71,21.50,30,0,1959
10902,55,24.00,30,0.15,1447
10902,62,49.30,6,0.15,1716
10903,13,6.00,40,0,293
10903,65,21.05,21,0,1802
10903,68,12.50,20,0,1851
10904,58,13.25,15,0,1544
10904,62,49.30,35,0,1717
10905,1,18.00,20,0.05,27
10906,61,28.50,15,0,1668
10907,75,7.75,14,0,2067
10908,7,30.00,20,0.05,151
10908,52,7.00,14,0.05,1349
10909,7,30.00,12,0,152
10909,16,17.45,15,0,369
10909,41,9.65,5,0,1096
10910,19,9.20,12,0,474
10910,49,20.00,10,0,1275
10910,61,28.50,5,0,1669
10911,1,18.00,10,0,28
10911,17,39.00,12,0,410
10911,67,14.00,15,0,1818
10912,11,21.00,40,0.25,248
10912,29,123.79,60,0.25,739
10913,4,22.00,30,0.25,111
10913,33,2.50,40,0.25,868
10913,58,13.25,15,0,1545
10914,71,21.50,25,0,1960
10915,17,39.00,10,0,411
10915,33,2.50,30,0,869
10915,54,7.45,10,0,1421
10916,16,17.45,6,0,370
10916,32,32.00,6,0,837
10916,57,19.50,20,0,1525
10917,30,25.89,1,0,773
10917,60,34.00,10,0,1639
10918,1,18.00,60,0.25,29
10918,60,34.00,25,0.25,1640
10919,16,17.45,24,0,371
10919,25,14.00,24,0,637
10919,40,18.40,20,0,1057
10920,50,16.25,24,0,1287
10921,35,18.00,10,0,924
10921,63,43.90,40,0,1736
10922,17,39.00,15,0,412
10922,24,4.50,35,0,606
10923,42,14.00,10,0.2,1133
10923,43,46.00,10,0.2,1160
10923,67,14.00,24,0.2,1819
10924,10,31.00,20,0.1,212
10924,28,45.60,30,0.1,706
10924,75,7.75,6,0,2068
10925,36,19.00,25,0.15,955
10925,52,7.00,12,0.15,1350
10926,11,21.00,2,0,249
10926,13,6.00,10,0,294
10926,19,9.20,7,0,475
10926,72,34.80,10,0,1999
10927,20,81.00,5,0,492
10927,52,7.00,5,0,1351
10927,76,18.00,20,0,2109
10928,47,9.50,5,0,1250
10928,76,18.00,5,0,2110
10929,21,10.00,60,0,528
10929,75,7.75,49,0,2069
10929,77,13.00,15,0,2147
10930,21,10.00,36,0,529
10930,27,43.90,25,0,678
10930,55,24.00,25,0.2,1448
10930,58,13.25,30,0.2,1546
10931,13,6.00,42,0.15,295
10931,57,19.50,30,0,1526
10932,16,17.45,30,0.1,372
10932,62,49.30,14,0.1,1718
10932,72,34.80,16,0,2000
10932,75,7.75,20,0.1,2070
10933,53,32.80,2,0,1383
10933,61,28.50,30,0,1670
10934,6,25.00,20,0,131
10935,1,18.00,21,0,30
10935,18,62.50,4,0.25,438
10935,23,9.00,8,0.25,567
10936,36,19.00,30,0.2,956
10937,28,45.60,8,0,707
10937,34,14.00,20,0,889
10938,13,6.00,20,0.25,296
10938,43,46.00,24,0.25,1161
10938,60,34.00,49,0.25,1641
10938,71,21.50,35,0.25,1961
10939,2,19.00,10,0.15,73
10939,67,14.00,40,0.15,1820
10940,7,30.00,8,0,153
10940,13,6.00,20,0,297
10941,31,12.50,44,0.25,821
10941,62,49.30,30,0.25,1719
10941,68,12.50,80,0.25,1852
10941,72,34.80,50,0,2001
10942,49,20.00,28,0,1276
10943,13,6.00,15,0,298
10943,22,21.00,21,0,548
10943,46,12.00,15,0,1225
10944,11,21.00,5,0.25,250
10944,44,19.45,18,0.25,1187
10944,56,38.00,18,0,1503
10945,13,6.00,20,0,299
10945,31,12.50,10,0,822
10946,10,31.00,25,0,213
10946,24,4.50,25,0,607
10946,77,13.00,40,0,2148
10947,59,55.00,4,0,1594
10948,50,16.25,9,0,1288
10948,51,53.00,40,0,1319
10948,55,24.00,4,0,1449
10949,6,25.00,12,0,132
10949,10,31.00,30,0,214
10949,17,39.00,6,0,413
10949,62,49.30,60,0,1720
10950,4,22.00,5,0,112
10951,33,2.50,15,0.05,870
10951,41,9.65,6,0.05,1097
10951,75,7.75,50,0.05,2071
10952,6,25.00,16,0.05,133
10952,28,45.60,2,0,708
10953,20,81.00,50,0.05,493
10953,31,12.50,50,0.05,823
10954,16,17.45,28,0.15,373
10954,31,12.50,25,0.15,824
10954,45,9.50,30,0,1203
10954,60,34.00,24,0.15,1642
10955,75,7.75,12,0.2,2072
10956,21,10.00,12,0,530
10956,47,9.50,14,0,1251
10956,51,53.00,8,0,1320
10957,30,25.89,30,0,774
10957,35,18.00,40,0,925
10957,64,33.25,8,0,1766
10958,5,21.35,20,0,122
10958,7,30.00,6,0,154
10958,72,34.80,5,0,2002
10959,75,7.75,20,0.15,2073
10960,24,4.50,10,0.25,608
10960,41,9.65,24,0,1098
10961,52,7.00,6,0.05,1352
10961,76,18.00,60,0,2111
10962,7,30.00,45,0,155
10962,13,6.00,77,0,300
10962,53,32.80,20,0,1384
10962,69,36.00,9,0,1883
10962,76,18.00,44,0,2112
10963,60,34.00,2,0.15,1643
10964,18,62.50,6,0,439
10964,38,263.50,5,0,988
10964,69,36.00,10,0,1884
10965,51,53.00,16,0,1321
10966,37,26.00,8,0,966
10966,56,38.00,12,0.15,1504
10966,62,49.30,12,0.15,1721
10967,19,9.20,12,0,476
10967,49,20.00,40,0,1277
10968,12,38.00,30,0,263
10968,24,4.50,30,0,609
10968,64,33.25,4,0,1767
10969,46,12.00,9,0,1226
10970,52,7.00,40,0.2,1353
10971,29,123.79,14,0,740
10972,17,39.00,6,0,414
10972,33,2.50,7,0,871
10973,26,31.23,5,0,667
10973,41,9.65,6,0,1099
10973,75,7.75,10,0,2074
10974,63,43.90,10,0,1737
10975,8,40.00,16,0,175
10975,75,7.75,10,0,2075
10976,28,45.60,20,0,709
10977,39,18.00,30,0,1018
10977,47,9.50,30,0,1252
10977,51,53.00,10,0,1322
10977,63,43.90,20,0,1738
10978,8,40.00,20,0.15,176
10978,21,10.00,40,0.15,531
10978,40,18.40,10,0,1058
10978,44,19.45,6,0.15,1188
10979,7,30.00,18,0,156
10979,12,38.00,20,0,264
10979,24,4.50,80,0,610
10979,27,43.90,30,0,679
10979,31,12.50,24,0,825
10979,63,43.90,35,0,1739
10980,75,7.75,40,0.2,2076
10981,38,263.50,60,0,989
10982,7,30.00,20,0,157
10982,43,46.00,9,0,1162
10983,13,6.00,84,0.15,301
10983,57,19.50,15,0,1527
10984,16,17.45,55,0,374
10984,24,4.50,20,0,611
10984,36,19.00,40,0,957
10985,16,17.45,36,0.1,375
10985,18,62.50,8,0.1,440
10985,32,32.00,35,0.1,838
10986,11,21.00,30,0,251
10986,20,81.00,15,0,494
10986,76,18.00,10,0,2113
10986,77,13.00,15,0,2149
10987,7,30.00,60,0,158
10987,43,46.00,6,0,1163
10987,72,34.80,20,0,2003
10988,7,30.00,60,0,159
10988,62,49.30,40,0.1,1722
10989,6,25.00,40,0,134
10989,11,21.00,15,0,252
10989,41,9.65,4,0,1100
10990,21,10.00,65,0,532
10990,34,14.00,60,0.15,890
10990,55,24.00,65,0.15,1450
10990,61,28.50,66,0.15,1671
10991,2,19.00,50,0.2,74
10991,70,15.00,20,0.2,1921
10991,76,18.00,90,0.2,2114
10992,72,34.80,2,0,2004
10993,29,123.79,50,0.25,741
10993,41,9.65,35,0.25,1101
10994,59,55.00,18,0.05,1595
10995,51,53.00,20,0,1323
10995,60,34.00,4,0,1644
10996,42,14.00,40,0,1134
10997,32,32.00,50,0,839
10997,46,12.00,20,0.25,1227
10997,52,7.00,20,0.25,1354
10998,24,4.50,12,0,612
10998,61,28.50,7,0,1672
10998,74,10.00,20,0,2032
10998,75,7.75,30,0,2077
10999,41,9.65,20,0.05,1102
10999,51,53.00,15,0.05,1324
10999,77,13.00,21,0.05,2150
11000,4,22.00,25,0.25,113
11000,24,4.50,30,0.25,613
11000,77,13.00,30,0,2151
11001,7,30.00,60,0,160
11001,22,21.00,25,0,549
11001,46,12.00,25,0,1228
11001,55,24.00,6,0,1451
11002,13,6.00,56,0,302
11002,35,18.00,15,0.15,926
11002,42,14.00,24,0.15,1135
11002,55,24.00,40,0,1452
11003,1,18.00,4,0,31
11003,40,18.40,10,0,1059
11003,52,7.00,10,0,1355
11004,26,31.23,6,0,668
11004,76,18.00,6,0,2115
11005,1,18.00,2,0,32
11005,59,55.00,10,0,1596
11006,1,18.00,8,0,33
11006,29,123.79,2,0.25,742
11007,8,40.00,30,0,177
11007,29,123.79,10,0,743
11007,42,14.00,14,0,1136
11008,28,45.60,70,0.05,710
11008,34,14.00,90,0.05,891
11008,71,21.50,21,0,1962
11009,24,4.50,12,0,614
11009,36,19.00,18,0.25,958
11009,60,34.00,9,0,1645
11010,7,30.00,20,0,161
11010,24,4.50,10,0,615
11011,58,13.25,40,0.05,1547
11011,71,21.50,20,0,1963
11012,19,9.20,50,0.05,477
11012,60,34.00,36,0.05,1646
11012,71,21.50,60,0.05,1964
11013,23,9.00,10,0,568
11013,42,14.00,4,0,1137
11013,45,9.50,20,0,1204
11013,68,12.50,2,0,1853
11014,41,9.65,28,0.1,1103
11015,30,25.89,15,0,775
11015,77,13.00,18,0,2152
11016,31,12.50,15,0,826
11016,36,19.00,16,0,959
11017,3,10.00,25,0,93
11017,59,55.00,110,0,1597
11017,70,15.00,30,0,1922
11018,12,38.00,20,0,265
11018,18,62.50,10,0,441
11018,56,38.00,5,0,1505
11019,46,12.00,3,0,1229
11019,49,20.00,2,0,1278
11020,10,31.00,24,0.15,215
11021,2,19.00,11,0.25,75
11021,20,81.00,15,0,495
11021,26,31.23,63,0,669
11021,51,53.00,44,0.25,1325
11021,72,34.80,35,0,2005
11022,19,9.20,35,0,478
11022,69,36.00,30,0,1885
11023,7,30.00,4,0,162
11023,43,46.00,30,0,1164
11024,26,31.23,12,0,670
11024,33,2.50,30,0,872
11024,65,21.05,21,0,1803
11024,71,21.50,50,0,1965
11025,1,18.00,10,0.1,34
11025,13,6.00,20,0.1,303
11026,18,62.50,8,0,442
11026,51,53.00,10,0,1326
11027,24,4.50,30,0.25,616
11027,62,49.30,21,0.25,1723
11028,55,24.00,35,0,1453
11028,59,55.00,24,0,1598
11029,56,38.00,20,0,1506
11029,63,43.90,12,0,1740
11030,2,19.00,100,0.25,76
11030,5,21.35,70,0,123
11030,29,123.79,60,0.25,744
11030,59,55.00,100,0.25,1599
11031,1,18.00,45,0,35
11031,13,6.00,80,0,304
11031,24,4.50,21,0,617
11031,64,33.25,20,0,1768
11031,71,21.50,16,0,1966
11032,36,19.00,35,0,960
11032,38,263.50,25,0,990
11032,59,55.00,30,0,1600
11033,53,32.80,70,0.1,1385
11033,69,36.00,36,0.1,1886
11034,21,10.00,15,0.1,533
11034,44,19.45,12,0,1189
11034,61,28.50,6,0,1673
11035,1,18.00,10,0,36
11035,35,18.00,60,0,927
11035,42,14.00,30,0,1138
11035,54,7.45,10,0,1422
11036,13,6.00,7,0,305
11036,59,55.00,30,0,1601
11037,70,15.00,4,0,1923
11038,40,18.40,5,0.2,1060
11038,52,7.00,2,0,1356
11038,71,21.50,30,0,1967
11039,28,45.60,20,0,711
11039,35,18.00,24,0,928
11039,49,20.00,60,0,1279
11039,57,19.50,28,0,1528
11040,21,10.00,20,0,534
11041,2,19.00,30,0.2,77
11041,63,43.90,30,0,1741
11042,44,19.45,15,0,1190
11042,61,28.50,4,0,1674
11043,11,21.00,10,0,253
11044,62,49.30,12,0,1724
11045,33,2.50,15,0,873
11045,51,53.00,24,0,1327
11046,12,38.00,20,0.05,266
11046,32,32.00,15,0.05,840
11046,35,18.00,18,0.05,929
11047,1,18.00,25,0.25,37
11047,5,21.35,30,0.25,124
11048,68,12.50,42,0,1854
11049,2,19.00,10,0.2,78
11049,12,38.00,4,0.2,267
11050,76,18.00,50,0.1,2116
11051,24,4.50,10,0.2,618
11052,43,46.00,30,0.2,1165
11052,61,28.50,10,0.2,1675
11053,18,62.50,35,0.2,443
11053,32,32.00,20,0,841
11053,64,33.25,25,0.2,1769
11054,33,2.50,10,0,874
11054,67,14.00,20,0,1821
11055,24,4.50,15,0,619
11055,25,14.00,15,0,638
11055,51,53.00,20,0,1328
11055,57,19.50,20,0,1529
11056,7,30.00,40,0,163
11056,55,24.00,35,0,1454
11056,60,34.00,50,0,1647
11057,70,15.00,3,0,1924
11058,21,10.00,3,0,535
11058,60,34.00,21,0,1648
11058,61,28.50,4,0,1676
11059,13,6.00,30,0,306
11059,17,39.00,12,0,415
11059,60,34.00,35,0,1649
11060,60,34.00,4,0,1650
11060,77,13.00,10,0,2153
11061,60,34.00,15,0,1651
11062,53,32.80,10,0.2,1386
11062,70,15.00,12,0.2,1925
11063,34,14.00,30,0,892
11063,40,18.40,40,0.1,1061
11063,41,9.65,30,0.1,1104
11064,17,39.00,77,0.1,416
11064,41,9.65,12,0,1105
11064,53,32.80,25,0.1,1387
11064,55,24.00,4,0.1,1455
11064,68,12.50,55,0,1855
11065,30,25.89,4,0.25,776
11065,54,7.45,20,0.25,1423
11066,16,17.45,3,0,376
11066,19,9.20,42,0,479
11066,34,14.00,35,0,893
11067,41,9.65,9,0,1106
11068,28,45.60,8,0.15,712
11068,43,46.00,36,0.15,1166
11068,77,13.00,28,0.15,2154
11069,39,18.00,20,0,1019
11070,1,18.00,40,0.15,38
11070,2,19.00,20,0.15,79
11070,16,17.45,30,0.15,377
11070,31,12.50,20,0,827
11071,7,30.00,15,0.05,164
11071,13,6.00,10,0.05,307
11072,2,19.00,8,0,80
11072,41,9.65,40,0,1107
11072,50,16.25,22,0,1289
11072,64,33.25,130,0,1770
11073,11,21.00,10,0,254
11073,24,4.50,20,0,620
11074,16,17.45,14,0.05,378
11075,2,19.00,10,0.15,81
11075,46,12.00,30,0.15,1230
11075,76,18.00,2,0.15,2117
11076,6,25.00,20,0.25,135
11076,14,23.25,20,0.25,329
11076,19,9.20,10,0.25,480
11077,2,19.00,24,0.2,82
11077,3,10.00,4,0,94
11077,4,22.00,1,0,114
11077,6,25.00,1,0.02,136
11077,7,30.00,1,0.05,165
11077,8,40.00,2,0.1,178
11077,10,31.00,1,0,216
11077,12,38.00,2,0.05,268
11077,13,6.00,4,0,308
11077,14,23.25,1,0.03,330
11077,16,17.45,2,0.03,379
11077,20,81.00,1,0.04,496
11077,23,9.00,2,0,569
11077,32,32.00,1,0,842
11077,39,18.00,2,0.05,1020
11077,41,9.65,3,0,1108
11077,46,12.00,3,0.02,1231
11077,52,7.00,2,0,1357
11077,55,24.00,2,0,1456
11077,60,34.00,2,0.06,1652
11077,64,33.25,2,0.03,1771
11077,66,17.00,1,0,1811
11077,73,15.00,2,0.01,2019
11077,75,7.75,4,0,2078
11077,77,13.00,2,0,2155
